id,price
0,1.70126488600577
1,4.05686131609978
2,6.29967928285552
3,14.8155608656652
4,6.39680016452177
5,26.789577270295
6,13.6263816112905
7,2.04736635991028
8,2.1380698337402
9,8.23205320408748
10,1.3992026112828
11,5.27460332753479
12,1.49700194429939
13,1.54060007811854
14,3.00250520290991
15,1.73241768764302
16,8.3424371018775
17,23.2798372467673
18,4.08980991933143
19,1.6775470802525
20,2.13168506422057
21,1.67530650624779
22,8.10335104292693
23,7.52471038963481
24,9.27624597464163
25,23.0416275294754
26,2.92402580684132
27,2.65026742101769
28,1.84457142351326
29,1.49672793180915
30,1.83776190479245
31,7.3061930393848
32,20.2057110175868
33,10.1181617759977
34,2.13466248428967
35,1.58439113660004
36,2.26084739809088
37,2.04955062022391
38,5.20795145569134
39,1.7155299584488
40,21.1879065455113
41,4.67597940387539
42,5.2276233166408
43,7.2398034736154
44,8.20363921240619
45,7.53530866644829
46,8.5811197402616
47,3.26251768095208
48,1.36876133010036
49,2.00450893911682
50,5.34560817747775
51,6.43400527024716
52,1.98446019315528
53,23.2729042130483
54,9.43888065927069
55,13.3721645827322
56,2.17501392723724
57,2.59201449013081
58,5.47041668196097
59,4.39032499969419
60,2.08270309304862
61,21.4637742304796
62,12.7139046563778
63,11.5839303688908
64,5.32177507535863
65,8.34957808648228
66,1.5965388842048
67,9.24418307664868
68,33.9146216350629
69,2.63489759827294
70,4.22713649849783
71,23.0641198406688
72,11.2473228588781
73,1.65991583046177
74,21.4125103678478
75,1.61561708777513
76,1.75994415770941
77,6.09290533929843
78,1.92733636356282
79,8.07677779700073
80,3.72877720288317
81,4.93944364899537
82,1.86641836791339
83,2.45571731472216
84,15.3427472071985
85,16.5864312604136
86,9.21018434181185
87,8.14308817401234
88,12.1798727860662
89,1.75416806421102
90,1.54441686612903
91,9.30657574100704
92,1.27989954922364
93,19.4718097950148
94,2.24284016454903
95,7.48498154328625
96,1.49288250136932
97,3.51415228527327
98,7.7481447831654
99,18.8277385815656
100,2.27946033834368
101,1.45121393405583
102,9.8172645656002
103,29.6496283045724
104,13.3600932769146
105,13.2824729860815
106,13.5903826258882
107,1.53997032806254
108,2.31199637904368
109,16.8442346025869
110,4.80791277407255
111,2.06972552677099
112,20.6577491618693
113,15.762074197433
114,1.91201752538323
115,2.10848069224974
116,15.8678371266787
117,22.4470899904379
118,6.98515044579645
119,1.54083753145204
120,3.92038602970987
121,2.54484385407721
122,2.01442887139765
123,9.89213547204306
124,2.66114590063503
125,9.39599452972359
126,4.33897990636253
127,1.56731371938496
128,3.82055900273828
129,11.9068230261869
130,12.3420773386145
131,4.94192408948718
132,12.6907914138237
133,1.49242028154267
134,2.26196276908462
135,3.53646173489208
136,27.5516740940496
137,7.45291519573032
138,1.82718331181778
139,5.33124609182674
140,8.24280521174875
141,2.66688655666325
142,3.239979462449
143,32.5299007145358
144,2.096412422
145,1.89556303973159
146,11.9319359268986
147,1.94561472484907
148,11.3466929504227
149,1.5187259194988
150,5.69544512834327
151,3.5930595853395
152,2.52564247758518
153,14.0481738933251
154,2.34922829736056
155,8.12565896743745
156,14.1047269235104
157,4.91937186809256
158,2.09374890949239
159,18.8385361261058
160,2.04909575642478
161,10.795123332075
162,13.3464341065007
163,17.3522088690603
164,1.61088708406031
165,8.49924014410829
166,17.8342290498797
167,5.95698235320565
168,9.15685288565894
169,4.135882655447
170,1.7384140054224
171,16.4895530193487
172,15.0285486683113
173,15.7977451855723
174,8.30465384800794
175,1.48815078860534
176,1.91730150783965
177,11.8482584541916
178,24.2355019241519
179,1.65742370965556
180,11.5615358243382
181,2.05073887991675
182,19.2381986722498
183,3.12101379118633
184,18.3074828704531
185,1.89530120006539
186,10.9544319750669
187,5.46125454973432
188,6.64439247910318
189,1.53514731456035
190,11.5713335431743
191,30.1975643743709
192,1.27139107842329
193,12.4173984857974
194,7.41759312610004
195,8.75170509855994
196,13.2186708062582
197,3.39962447741414
198,1.95347783814538
199,7.71218906127576
200,1.54083753145204
201,30.9268726222537
202,2.2337263331686
203,1.30015808541214
204,1.53935841035788
205,1.65368138590552
206,17.5512491683149
207,9.37677319357027
208,2.45909944817773
209,1.63536996806839
210,6.38791958017154
211,5.30272126272659
212,9.94107062797665
213,3.53535768703639
214,1.48815078860534
215,1.50135431286733
216,15.1602485114961
217,24.0355729950985
218,5.2049305567581
219,1.48815078860534
220,1.46519227347446
221,2.79923759124831
222,25.6513158185067
223,31.8876476103441
224,1.98930249838595
225,1.21877424142042
226,2.74262006002853
227,13.3840325399786
228,4.09253436851821
229,1.57580241233034
230,4.84306325667046
231,13.804841451696
232,1.57017870245465
233,5.05346657658459
234,10.6361776863724
235,2.026227836449
236,1.42383203533084
237,3.25476466403919
238,1.21357408879294
239,9.78049562921563
240,18.9414005710016
241,1.45921623412682
242,4.95739598060945
243,10.8855119692636
244,18.1722480102359
245,20.7523603355397
246,1.81442538531034
247,28.66408665715
248,8.2507905333503
249,11.0773954525382
250,2.17185091648607
251,15.7470358931619
252,1.74596579824856
253,1.46615917256351
254,1.39396559123383
255,1.7116348473187
256,2.19151018263146
257,3.56626233612953
258,1.90662508857714
259,22.8223568917353
260,11.7042480316966
261,29.1659030963615
262,1.40502282670519
263,1.3682085766603
264,3.02239076438178
265,2.39304175000273
266,5.15765539859114
267,3.12319536228157
268,2.62183279184434
269,1.560387348305
270,12.4840968989567
271,11.1249038810672
272,2.14576018189246
273,1.62159162538776
274,9.30932449789017
275,16.6286855547221
276,7.82694802099156
277,17.4667189802456
278,5.01842558504741
279,1.45921623412682
280,4.64686695708027
281,10.453570620725
282,25.2007346762352
283,5.11476973007713
284,13.9200176545799
285,28.808486738293
286,6.9505776612317
287,7.14413975242058
288,9.50954013189392
289,8.86756305098871
290,4.74248503103537
291,6.48023246031448
292,2.88795445058658
293,12.8890422910543
294,4.05089336200735
295,5.1049152702326
296,1.7939759398857
297,8.76117796424127
298,1.79474744783059
299,13.1426817367602
300,1.08346746579189
301,20.3964491518934
302,7.26381527525133
303,7.458367360319
304,3.15891502652761
305,1.86913646427378
306,1.63719964016716
307,8.51330425041474
308,4.42243391828868
309,6.47108807497244
310,14.6710236217515
311,6.46303586620167
312,1.33671017401731
313,9.82845343660189
314,9.59666427583328
315,15.8469834741083
316,17.1094492483834
317,6.54037479156749
318,15.2460137101811
319,11.6309785059811
320,7.77944757957925
321,1.97913584197153
322,2.29408157569564
323,1.71386239124362
324,1.31777829747659
325,4.61530073795351
326,2.26097547542479
327,10.9400278793896
328,15.5934882954941
329,11.1091653320357
330,7.61417445157374
331,1.80076034104467
332,2.15461153833226
333,4.50973726684247
334,16.4792951327465
335,13.6235899914896
336,7.76787849601121
337,9.13016891278205
338,8.79168008423234
339,2.31366001010177
340,2.09167020228749
341,1.36227638740547
342,13.9487034199942
343,2.38962714687222
344,3.08523398939726
345,1.73736926419255
346,1.54083753145204
347,1.54083753145204
348,8.33790994384131
349,10.8560849737405
350,31.7843190472097
351,4.37521157065791
352,5.98600372620215
353,1.56280229120867
354,9.24821031004132
355,1.65838558416579
356,2.41494954450131
357,4.14996241495583
358,2.17450979696123
359,2.80753560285892
360,1.72722770878378
361,1.91254407490254
362,4.06967450758857
363,1.9329982589686
364,3.23582110222184
365,5.03212238775903
366,3.8689917660893
367,1.1780191530707
368,2.28580739379303
369,7.49451668927043
370,29.1374355838297
371,14.0844417567113
372,11.2975785386761
373,1.23384372136456
374,2.06968880666032
375,10.1792421039545
376,18.635671457451
377,18.2746376801343
378,3.28423477223714
379,3.53545789011158
380,12.9840493145731
381,2.88411409309346
382,7.49482521538233
383,1.59814741767753
384,8.58343111074481
385,9.66303375929495
386,13.7017492121002
387,22.0996518420468
388,7.53347893758354
389,1.88147648891987
390,4.83360001030081
391,1.46243098530335
392,9.47809161777765
393,4.81792641920499
394,4.23720518460211
395,31.1020275166762
396,13.4592386520828
397,2.3667480256216
398,2.03408173884934
399,10.4203938511135
400,5.70671668956309
401,25.115143922787
402,10.4871308334358
403,2.9261059236355
404,2.88454580554515
405,1.52823266039254
406,5.0871300201523
407,27.4388168223977
408,1.87751737196227
409,2.17690119302982
410,7.78112996788137
411,1.37596169334095
412,1.93029818916497
413,1.27295960169276
414,1.23805243587281
415,4.70000259104382
416,2.6813453249802
417,4.87546276834485
418,8.7612614201892
419,20.851139967562
420,1.48815078860534
421,4.19361827093311
422,9.24450876950593
423,4.86789575243492
424,3.14379304051832
425,6.29651046521808
426,1.65174384354175
427,5.38192279741895
428,1.59476103043897
429,5.73392973005979
430,1.74162493471153
431,3.73699603800724
432,5.06724322649955
433,2.26196276908462
434,4.41334174276796
435,4.29454451053091
436,2.50296193828817
437,8.81745216834398
438,2.08756095511386
439,7.86026572581271
440,1.93694393666556
441,8.29598685483162
442,1.54821351703737
443,9.95890010138179
444,1.29540743148626
445,8.93192739210745
446,5.00903050117532
447,15.1201942167393
448,9.58112163737129
449,3.20287972958657
450,2.43980300467891
451,10.5743542393106
452,9.35622916816499
453,1.57888809276097
454,1.50341204212487
455,2.3084172759876
456,12.2533945605765
457,20.0386817308528
458,2.58863066438192
459,10.0293477754024
460,2.28392034186937
461,18.3244101467984
462,17.7263687004629
463,1.319033151191
464,25.082690112594
465,10.0693806771688
466,11.849136985654
467,1.42766656996721
468,9.1594379113145
469,14.1097914047803
470,4.532898266592
471,6.17508640751476
472,12.4924059766802
473,2.70765286915434
474,4.05089336200735
475,1.03681016785551
476,1.72753447892216
477,9.95922786056299
478,11.6396366549008
479,1.6775799813439
480,11.1791958656163
481,1.53508244671668
482,1.90882669226398
483,15.1144265820705
484,24.1524766484004
485,14.4414721795567
486,2.98055681947652
487,14.9879302395488
488,5.10804826573809
489,3.28774010576983
490,22.1578033417219
491,3.25012950561621
492,11.1637275410246
493,17.4723227942894
494,28.3803477516953
495,16.6095634814742
496,15.8838524307567
497,12.0444887621623
498,2.21680276292783
499,20.9007090974042
500,1.07292799545884
501,29.3173660513557
502,3.16543982215001
503,10.0438704065816
504,14.5555879007701
505,2.80015318862677
506,4.66500040146889
507,1.63536996806839
508,10.471446851512
509,9.39782253445413
510,3.63725297652658
511,7.54986798209303
512,8.80781970357806
513,30.8552056552467
514,8.77131983816641
515,26.6060058736226
516,11.7205707792052
517,4.72415951378825
518,5.716302803961
519,2.31178767267214
520,16.8801352237795
521,12.5657718338126
522,1.93958725505713
523,2.94857312976582
524,8.03026329739305
525,2.20138173740804
526,2.78613290765747
527,1.46757995785707
528,8.75903362783914
529,1.84255840114819
530,3.00819011319494
531,31.0958906645845
532,3.67348074298803
533,6.66048677869412
534,5.23645674345277
535,3.18677965520628
536,1.76030217398581
537,3.87170275165317
538,3.2919960764335
539,29.3283273264452
540,1.91403633773781
541,2.63267905453509
542,4.56617701869958
543,15.106676168673
544,9.88987800996631
545,24.5250627253423
546,1.52694462748527
547,9.08495273928954
548,1.707802464511
549,1.64360112981265
550,1.06240907548131
551,14.8011968973478
552,3.82199426884406
553,2.64788730428607
554,22.6172844935901
555,1.46153622811255
556,34.7453737174973
557,15.858833833837
558,2.04907047324583
559,5.50791208236488
560,4.20860203195355
561,16.7140559792491
562,2.94772554192096
563,2.01331184829056
564,8.26803270672776
565,1.33437662605371
566,6.98088251281414
567,3.47878633005293
568,4.9900853330644
569,1.59814741767753
570,6.64419795649389
571,2.67723520655147
572,10.939154389308
573,2.41776138163514
574,5.01998500700638
575,1.57580241233034
576,16.0641915511349
577,8.52196358375976
578,2.00808072927816
579,1.65973978237145
580,23.6770789126223
581,1.30172226667708
582,19.135184640607
583,4.81806632619148
584,9.00058354396792
585,5.95563485399537
586,2.21820213696754
587,1.57580241233034
588,1.97705047839373
589,7.56282704802712
590,6.18849998377143
591,10.443480880136
592,22.8778537123045
593,2.04333805439485
594,25.6655433462068
595,19.9619504037351
596,1.20442053276818
597,5.0223542752881
598,1.56950087913142
599,2.01331184829056
600,12.3676965410278
601,6.99321329262116
602,9.10975993528118
603,8.19408785836943
604,5.71229228664327
605,4.8536438562741
606,9.19012735509765
607,9.10713090767571
608,9.60702575238708
609,19.41227780496
610,6.09694036302435
611,27.8569468785408
612,3.77011685284778
613,9.51239800766754
614,4.51262740968332
615,3.08169075222161
616,1.84910494240627
617,10.145576868915
618,16.6439756507893
619,1.93849942138384
620,16.0663998817493
621,13.1610416278494
622,2.53058712747893
623,3.06178007160023
624,6.79575357833346
625,1.68430619993572
626,1.74913448336215
627,12.1731361328408
628,1.79363978191775
629,7.37114477059098
630,4.72415951378825
631,16.034373090822
632,18.3449346878568
633,1.45175545827086
634,13.5054840109749
635,16.2031201661622
636,1.74978087867495
637,2.78539659190689
638,14.7533584569355
639,2.17501392723724
640,1.76049168441855
641,30.4738660246077
642,2.37631828484884
643,34.6913189500402
644,2.52812464972363
645,6.05130963907182
646,14.3165756615967
647,24.348292297545
648,14.1637512426811
649,12.1921166342872
650,1.74573083945433
651,4.12700725078843
652,8.82282702656404
653,1.60125950233678
654,1.37326242136899
655,2.72335937744685
656,3.79720115298829
657,7.95178860035565
658,4.91091059779534
659,1.5089263215144
660,1.54572066831717
661,10.097433373431
662,6.25236995349282
663,1.40676694461362
664,1.41509356973769
665,10.0604662641659
666,31.4474052154455
667,11.4708447907709
668,10.9714036050016
669,1.95186232679793
670,13.4582334695685
671,2.27946033834368
672,1.91564066306915
673,10.3392270466392
674,2.01442887139765
675,1.5920770875507
676,28.1184851693084
677,11.7761740107093
678,20.5390045848567
679,29.5450904311632
680,7.97067405383195
681,1.93728736639387
682,1.87895449497648
683,3.94918022106905
684,1.56999116499912
685,6.56139278369069
686,24.8750094260448
687,9.42527935924897
688,2.36535911542702
689,21.1523827860908
690,1.82625796355193
691,5.54780732507931
692,1.5057270340638
693,1.96727307430808
694,3.24306712300882
695,32.596873682099
696,9.38878846226767
697,21.3335064926898
698,5.07561281080913
699,7.16760398490107
700,13.9761989935392
701,4.35320558409025
702,2.53885116924853
703,1.41984920711204
704,6.33756270465016
705,1.6216275354196
706,32.1084535012946
707,5.48190394701248
708,7.57849450517115
709,1.59446279363931
710,13.5616739350048
711,9.88987800996631
712,3.01060040127491
713,13.1527655839435
714,1.57580241233034
715,1.5586009631293
716,5.84562288303051
717,1.99505993496096
718,26.450546304741
719,10.5592721720117
720,1.6729429517736
721,2.35080498387523
722,6.809685282627
723,28.923184910984
724,2.44520385888723
725,1.95147673575111
726,1.8363909187004
727,1.40504846298647
728,1.8444923646346
729,1.52107822787741
730,1.84467245499398
731,20.1543708434437
732,15.0547919667941
733,6.58079778857435
734,14.5139342370021
735,2.07965102834156
736,1.0653974375893
737,1.72928281617179
738,6.16522345406599
739,1.80771488609805
740,1.41324117176267
741,3.18886143475541
742,4.84576313536603
743,5.37038676394557
744,6.19984184322612
745,14.6435981989843
746,2.10161219406926
747,1.29830008907812
748,2.43207514404631
749,3.37246154216845
750,4.442364169679
751,2.78686468351233
752,2.26196276908462
753,18.7661981964979
754,8.79610025749415
755,11.6379962194858
756,20.0735758904504
757,6.18365078174104
758,4.1302517823219
759,7.65044325501036
760,1.87006904602052
761,8.36108675500118
762,1.58381394732307
763,1.67964934127891
764,18.6983365882849
765,2.81650902089057
766,2.29422041552716
767,27.6774688769747
768,2.46847615424902
769,2.03342108492009
770,13.6922948957616
771,1.44494521583431
772,9.8880269407363
773,1.60910235707923
774,7.45221396321359
775,4.15082213477384
776,12.2024110141384
777,6.64078584821365
778,2.5545925957877
779,1.59263232596296
780,12.730227866791
781,1.50116148438958
782,3.98333338177152
783,1.55659988586172
784,7.32207721977813
785,1.87432460650863
786,1.17737951073243
787,6.80419887350936
788,2.32065576810747
789,19.3666670125713
790,1.62297617116231
791,1.68219884612939
792,2.53058712747893
793,5.19637930281272
794,4.68590426606036
795,10.2137024444336
796,21.7099481537608
797,22.4238215481881
798,7.70723716701885
799,1.71840389231305
800,3.50414074121028
801,2.01413065680947
802,7.2131580586846
803,16.6922944517839
804,1.21877424142042
805,2.00358365856313
806,31.3484000328199
807,10.3180706862464
808,8.01638556304225
809,1.80185423036169
810,4.42429563288112
811,1.69279023536626
812,1.83430615658178
813,11.1832965815523
814,1.54083753145204
815,6.81822230043822
816,16.0848146688886
817,1.86726454499397
818,19.9044736138207
819,6.6777692868638
820,28.1517915280971
821,3.82094671654746
822,13.1754564078166
823,10.6297379413519
824,1.51240782140434
825,4.33670049386829
826,2.01327310337042
827,3.35957154728695
828,19.6067321741932
829,2.64415175420951
830,16.1136922973425
831,7.52722392940607
832,1.93271991243337
833,1.42338414985902
834,8.53893738515147
835,10.2236652554016
836,1.67530650624779
837,1.97780131076467
838,7.26918123826881
839,1.85717721182656
840,18.4348375961204
841,29.5695668046099
842,5.7209628441141
843,15.1546105817999
844,8.32216337006888
845,2.15170197063418
846,13.0465296342505
847,6.41730367592192
848,1.77876681920252
849,10.7472845138891
850,2.18235426548584
851,1.54099645559616
852,2.13793123216954
853,3.19989105684749
854,6.49385552282161
855,7.36651950307445
856,9.68908560226253
857,4.29454451053091
858,1.66305438934104
859,3.05490340570037
860,2.01229977216082
861,1.3427464716644
862,6.11091094660357
863,5.69695493718385
864,1.57145578946219
865,7.2325939674366
866,5.99963593963035
867,11.6671428583057
868,2.87622428778292
869,2.67120115087959
870,2.09060351361129
871,30.0983695544755
872,3.3094850597423
873,5.76336411476168
874,3.55345417469329
875,2.56655643753554
876,2.04123698405313
877,6.78392086686089
878,3.61810065673627
879,16.4754836262001
880,30.8409965809046
881,2.0575212722663
882,3.81068540337578
883,7.84166481370495
884,10.6464689784617
885,7.57381880860932
886,4.44383536467051
887,2.1541583022038
888,21.5693491157698
889,24.5609814263623
890,9.56678668673435
891,16.4300777981375
892,25.9769277805557
893,3.70530115355132
894,2.59842542811831
895,2.04672923052839
896,4.77738332010519
897,4.15492335753907
898,2.7173943612077
899,2.76936711425326
900,12.0968791706387
901,1.5965388842048
902,1.17153689149691
903,6.11685389229426
904,3.79479428242799
905,9.24127906896519
906,1.41751951308495
907,3.00665662031283
908,1.49821372492184
909,1.55433633520895
910,1.28913965819703
911,8.25620269571879
912,31.9513012272408
913,27.0157472526966
914,3.16902548369239
915,1.59814741767753
916,2.84813389266357
917,2.47691075477231
918,5.82065985459766
919,8.56531419572808
920,28.686044338358
921,1.18746473554354
922,1.93433856488231
923,17.4673890554417
924,4.98043046011636
925,1.61999822032839
926,1.72092830669943
927,1.48815078860534
928,6.50031256718971
929,24.5097233693994
930,1.44949405892474
931,5.19481624297601
932,1.52164167118202
933,4.48598464402716
934,4.91049168711988
935,20.4368711754424
936,5.74062667098297
937,1.85669250584907
938,2.6506748218108
939,26.4621526141948
940,4.28686794574401
941,1.44625843216238
942,2.41943776201989
943,2.08711406824529
944,2.72495995609844
945,31.0593392943375
946,4.36709973485168
947,9.31688574982854
948,1.54060007811854
949,3.42821609314582
950,2.50332937267025
951,15.0426385097046
952,8.18885217515373
953,1.58734833138902
954,22.6707277909542
955,1.73367924171213
956,1.70427337449244
957,5.47265278740785
958,1.57580241233034
959,1.36148510511279
960,17.2490215694312
961,8.45426825896275
962,2.51098424876972
963,31.3452918612233
964,2.58910522662292
965,5.82491705879332
966,3.44900776358685
967,2.44688838759869
968,1.39824311372137
969,2.33807098694274
970,2.54536204475086
971,5.10403821172923
972,12.2945702656847
973,4.22903377658723
974,3.25045176217625
975,1.53152416378406
976,1.51550302323249
977,22.9579387444655
978,4.9178767745815
979,4.09698867413296
980,1.86810258990974
981,1.74607318937399
982,3.62352456455764
983,1.70482247559756
984,11.9044726541108
985,8.19917361421266
986,2.25122390242766
987,1.54060007811854
988,4.61070062666118
989,1.18298612911415
990,1.54060007811854
991,1.61248874431779
992,3.24438705258718
993,9.88781700191745
994,1.59843614606344
995,2.81571961022053
996,30.9845528705464
997,1.58416613606059
998,8.85547395987859
999,4.55428493731174
1000,8.15692609074537
1001,2.34422012584209
1002,5.66023087043903
1003,4.31314697580875
1004,1.16731108045017
1005,21.3301656777447
1006,5.14207457364108
1007,17.5934289645713
1008,4.26931809387716
1009,29.1416629078662
1010,3.1376868994418
1011,3.10825834529115
1012,3.63262823534282
1013,1.91480333488943
1014,2.27437736286101
1015,4.45631850337825
1016,7.87326501557446
1017,7.00948629098806
1018,9.72843340505579
1019,4.81200177067128
1020,1.7516975501716
1021,15.4879065325048
1022,2.32949394830275
1023,5.66076258496103
1024,8.18671762655523
1025,7.09556477307805
1026,1.87120764469822
1027,15.1193763032866
1028,1.59828741150799
1029,1.95569823675549
1030,1.34188135687039
1031,30.9058402966257
1032,8.51909754060183
1033,5.59926044116428
1034,1.89730677979611
1035,2.23635273656068
1036,1.46274773716045
1037,1.67794198984618
1038,24.2898464319476
1039,3.79701489837038
1040,3.24502011169301
1041,14.9460024171186
1042,2.04378773572526
1043,25.6364198260448
1044,12.2678771917322
1045,1.70739610826446
1046,17.2800871983466
1047,3.69071994771973
1048,4.38110553183795
1049,1.11557627903881
1050,2.92818324638192
1051,2.41943776201989
1052,9.35267489273975
1053,1.20732062424918
1054,1.1409892430758
1055,2.32748705168352
1056,3.1077784312881
1057,2.52968380084502
1058,6.6754174272301
1059,3.31015842715926
1060,11.1021880586214
1061,14.1301499760699
1062,4.57360892663342
1063,2.67261048231978
1064,2.14753225703906
1065,1.83265205005034
1066,2.18845472072624
1067,17.9245566033871
1068,2.32949394830275
1069,1.56259807697899
1070,6.62133966626135
1071,20.4397828670732
1072,1.96515858928132
1073,1.49195087692969
1074,23.8756777898374
1075,16.2876301975515
1076,22.1117840709354
1077,27.385724719569
1078,11.2020371842482
1079,1.94942237573003
1080,4.69059568728783
1081,2.43693533127895
1082,2.11341535374894
1083,2.06040897425569
1084,29.2376967191134
1085,25.2294725482276
1086,9.50532677199696
1087,12.5040939459544
1088,8.31753366385348
1089,9.39501151672339
1090,2.00783517159189
1091,11.3759144333343
1092,3.45454764099147
1093,3.10432033720282
1094,6.46801949214275
1095,6.39472787645574
1096,33.054054763205
1097,17.1753640324712
1098,11.6149551343557
1099,8.16460471690971
1100,8.2807711121923
1101,1.62695525727999
1102,11.7806004331406
1103,19.8304053006808
1104,9.74602109334546
1105,1.45881949138253
1106,1.7491068391648
1107,5.87331058220656
1108,6.35069766041057
1109,1.49882039908952
1110,2.48561309974761
1111,1.94823921748868
1112,1.75590531307662
1113,10.3460402323405
1114,1.4276723196702
1115,16.3673059136586
1116,6.57576355015059
1117,4.74085436271532
1118,6.42872089631021
1119,16.2138902637511
1120,29.8771155362837
1121,4.05257971433721
1122,1.42454780102027
1123,4.87471220106811
1124,1.67256763652264
1125,10.9661864947303
1126,19.9835138153599
1127,18.7487241399543
1128,9.14683243643582
1129,5.09245138925582
1130,1.89574022453225
1131,2.23774724584696
1132,1.86379275071402
1133,1.59814741767753
1134,2.28205383752654
1135,1.45921623412682
1136,6.24909185712264
1137,2.21491395690912
1138,1.68190631430961
1139,7.16760398490107
1140,2.19504992471773
1141,14.3951823174546
1142,11.4202562849572
1143,27.628833729577
1144,9.40511843572678
1145,16.6306701567363
1146,1.92756925020629
1147,18.2589834337653
1148,31.9108649572654
1149,4.70945056868469
1150,11.7955555950206
1151,10.0845013196834
1152,1.5574484198682
1153,3.60295484008184
1154,14.4002832180713
1155,9.86178696793658
1156,1.80761091710308
1157,4.88807044907965
1158,6.05854562488782
1159,1.42890559657797
1160,2.80360845528461
1161,4.1293086797082
1162,4.27836606575582
1163,12.7572435921242
1164,13.9432048290504
1165,2.14964908802447
1166,1.50500544718424
1167,5.65177156030354
1168,17.3810504877335
1169,9.22458508273861
1170,4.50634569669536
1171,4.17057826236818
1172,8.33503269507156
1173,1.75982368930755
1174,1.45452538760252
1175,1.34901262563672
1176,15.6659507083682
1177,1.72928281617179
1178,10.0220687069171
1179,9.70081318245556
1180,10.0469556243693
1181,23.539248395934
1182,6.05839893976509
1183,1.28229773048441
1184,8.08915679071879
1185,33.9669713383586
1186,6.38616356686586
1187,18.5422612034266
1188,1.41990884126235
1189,9.44965300989978
1190,24.6341353381282
1191,26.7084771117804
1192,4.56880764547299
1193,24.9481839853731
1194,2.07625134023332
1195,1.88475460426903
1196,10.6379668685124
1197,21.8413208478531
1198,5.34488431315397
1199,21.5346034194237
1200,2.90225917271655
1201,4.475969332393
1202,1.23002298964
1203,1.78789416774473
1204,1.32819872138722
1205,1.28548802654903
1206,20.7808488367807
1207,18.5971291098385
1208,20.3319389191537
1209,9.15256478170034
1210,4.59920627607454
1211,1.80212443290303
1212,9.11507059265502
1213,3.06483580710546
1214,5.14541828908024
1215,8.93789042055626
1216,2.1756693889388
1217,1.67794198984618
1218,2.15046830020504
1219,4.98465477560516
1220,5.9084777479703
1221,1.61999822032839
1222,9.16930419501844
1223,2.88597573803147
1224,6.59506279087628
1225,3.18668542719724
1226,21.583740715466
1227,8.33189762526785
1228,6.31609700923777
1229,1.80340435676691
1230,1.84876350929984
1231,7.41299038410244
1232,8.82365172840831
1233,1.63150211016521
1234,1.2475329591476
1235,31.8672544392065
1236,5.3188213214624
1237,10.0464377131225
1238,19.9656137006089
1239,30.353528832616
1240,6.12218718898352
1241,1.52457649447047
1242,1.63380068700705
1243,12.2985371297127
1244,1.30707785493368
1245,5.1235626947959
1246,2.2090980444251
1247,7.02401806014481
1248,15.4224933972995
1249,18.0656442799779
1250,19.6830265433547
1251,2.35374819008713
1252,14.2074944630592
1253,4.39493540102192
1254,1.43520624837635
1255,6.17823971376609
1256,1.94126051852463
1257,1.84457142351326
1258,30.7678033500234
1259,1.29976777132366
1260,2.86120746066444
1261,2.17329950439744
1262,6.64027784246869
1263,24.866536622536
1264,4.26234030990509
1265,27.0766913896531
1266,2.54960208977032
1267,9.40097549307063
1268,2.57912789393288
1269,12.4746064770898
1270,1.44480259023968
1271,2.88833361511945
1272,1.83093166025121
1273,6.10606737500463
1274,7.97000016699125
1275,3.6997858515231
1276,21.5079358035026
1277,5.72432881719945
1278,2.16390676097934
1279,2.2737803131419
1280,21.1967958898935
1281,10.1800825857907
1282,1.77856175264331
1283,4.80266584058588
1284,7.25611600384897
1285,27.2131031893656
1286,9.139702071268
1287,1.50613232613492
1288,15.9139015032945
1289,1.87622779721014
1290,7.33145891461089
1291,1.65914065567186
1292,1.50500544718424
1293,1.42820824288019
1294,1.69093583872448
1295,26.9763714666308
1296,5.68024836218808
1297,2.3544190669049
1298,25.969023320759
1299,7.44868769916515
1300,1.99801954314507
1301,1.79927717575266
1302,1.76016386744564
1303,3.57114777355673
1304,4.39998673715171
1305,7.79429914283792
1306,10.2032782007885
1307,6.3369742144261
1308,3.71907629253218
1309,1.27212708891453
1310,4.64156016083898
1311,5.13912175335632
1312,31.2572008424833
1313,29.3992342393306
1314,4.73073581445583
1315,6.16025878606038
1316,2.53058712747893
1317,3.92545197226179
1318,12.1804772947017
1319,9.3055172346866
1320,5.38413698694928
1321,1.47894794837769
1322,7.6752216176423
1323,18.8046974632031
1324,15.7766048570551
1325,9.44164374813447
1326,9.04657671171713
1327,1.89584423906454
1328,10.4336828408437
1329,4.19563497992029
1330,1.96050422517193
1331,4.1925963472492
1332,2.28773867235415
1333,10.9889461246388
1334,18.4580339938811
1335,5.71280215020205
1336,33.7267318560977
1337,12.1717359877203
1338,2.24716781749588
1339,7.96073457181894
1340,5.30272126272659
1341,4.31493141429501
1342,24.2139595892615
1343,2.98795786268851
1344,4.39032499969419
1345,3.84620628129383
1346,23.151738054895
1347,2.33066185163196
1348,8.49299987948939
1349,1.58961257781932
1350,1.68693914342648
1351,17.6854832085866
1352,1.87265330228002
1353,9.46443242594451
1354,4.26885219990679
1355,12.2924823518512
1356,2.86231136816096
1357,34.5969780703005
1358,2.22661397711408
1359,26.8288470381528
1360,3.56964050004566
1361,3.89652944931636
1362,1.91065732829507
1363,1.63668513739697
1364,5.25413341912607
1365,26.9450709412095
1366,8.42232870698165
1367,4.28634976916586
1368,9.77825242251863
1369,3.09485471409143
1370,5.05845744268626
1371,1.50131827803559
1372,29.4650684755295
1373,1.66459456002055
1374,8.09319627351577
1375,5.23971614692578
1376,1.36085051716157
1377,7.83442674048131
1378,7.34571639440866
1379,6.29904868477832
1380,11.6986182238498
1381,4.93051771397214
1382,1.47549770079099
1383,1.982912801894
1384,20.8111505455369
1385,11.4004582726639
1386,2.9870545360546
1387,18.8273844849442
1388,12.2841064671523
1389,8.69580051351491
1390,9.00554462991947
1391,29.4661693362299
1392,14.3987578159079
1393,1.82008179949336
1394,26.0439591017442
1395,1.50135431286733
1396,2.11869125255552
1397,1.62945726219495
1398,2.56358799782411
1399,1.9380419418181
1400,9.54510856981543
1401,13.100273206009
1402,21.3346664993263
1403,2.69345459171706
1404,3.66425213945317
1405,2.7943854739554
1406,4.39444979990416
1407,1.56888951857415
1408,2.30009017510539
1409,15.1314892717621
1410,4.14213346903124
1411,1.65034495044885
1412,13.8917771663019
1413,4.442364169679
1414,8.74438443825646
1415,1.67123702922112
1416,3.50853225290986
1417,12.1005210288193
1418,1.83753392684059
1419,6.51561939513847
1420,1.27133369434112
1421,33.5301484156004
1422,4.00879271265044
1423,1.84269622501775
1424,2.31147807649653
1425,2.96994178298489
1426,1.65464789691551
1427,12.4871880454581
1428,7.62915845552288
1429,1.83776185338875
1430,7.91150474955874
1431,2.10900440950427
1432,17.3084668018795
1433,1.53120772501596
1434,29.8492374776651
1435,1.51940833106707
1436,9.4463573139675
1437,1.94223731494312
1438,5.53626638262424
1439,4.05089336200735
1440,2.31893551188554
1441,27.5004899817718
1442,1.87709405150871
1443,5.41268245368132
1444,17.3226381815796
1445,17.2203332526249
1446,16.6443343197408
1447,1.85056154479415
1448,2.88071226405394
1449,1.86786296137737
1450,1.52691575780798
1451,11.0590131880284
1452,2.90312659088614
1453,1.85702468953719
1454,1.75669241598257
1455,1.43711314293975
1456,9.85060362128381
1457,6.56581096709267
1458,10.1547300012859
1459,2.0680901672023
1460,23.3816494457411
1461,2.09290728075229
1462,11.8054466725002
1463,3.21374281492525
1464,3.45187649098323
1465,6.18970253743314
1466,6.39518855146948
1467,9.11141100253901
1468,1.41692708615898
1469,4.05351252228943
1470,3.17103112690594
1471,1.36839853903061
1472,1.36092949229003
1473,1.35465555783427
1474,4.83296641638204
1475,1.77856190578028
1476,2.07625134023332
1477,2.25038794632138
1478,23.1789307676857
1479,9.59348894663128
1480,2.01826179683981
1481,4.97158303677739
1482,4.57380333423578
1483,1.63763560509657
1484,31.6572378645818
1485,15.041613934638
1486,1.83419984360683
1487,12.0825040910902
1488,8.89033447207129
1489,7.61761350413258
1490,1.41207933141521
1491,2.78611088602554
1492,1.27989954922364
1493,30.8040645382302
1494,1.48158791372148
1495,6.87986979693195
1496,6.95412252534428
1497,19.7150725971208
1498,1.98728463666085
1499,7.30274235874855
1500,2.36535911542702
1501,7.31261225189932
1502,25.8641689633333
1503,8.24280521174875
1504,15.0021533440935
1505,33.7705645208658
1506,16.9836624936447
1507,8.2326855592182
1508,2.13969801657734
1509,6.75349839910342
1510,9.87257549018888
1511,7.23238088368266
1512,5.37516708688426
1513,2.21595767591786
1514,1.66832614963374
1515,32.6467114092868
1516,1.66449419089684
1517,13.941196750738
1518,2.50221447388715
1519,7.54734434539799
1520,1.4845855042732
1521,3.95287998380294
1522,1.85617659261089
1523,8.90180377900759
1524,7.4891750643578
1525,15.8580372635236
1526,5.93207358234129
1527,1.58053760157901
1528,7.98449174971887
1529,2.96342129470799
1530,5.18568240472948
1531,8.48719932057017
1532,9.38453436907164
1533,6.97764792828568
1534,9.99028806393441
1535,11.8411652455067
1536,1.47651256571333
1537,11.7610938831631
1538,6.47088509928987
1539,2.98795786268851
1540,16.2167828567847
1541,1.24844414053159
1542,1.26978380995276
1543,7.99010425171259
1544,2.16005848205815
1545,2.19595325135164
1546,10.8566937561791
1547,4.43180075463273
1548,2.49032945720537
1549,4.40169543202439
1550,8.78799238129388
1551,2.05002579406506
1552,1.89781978703816
1553,3.71862013589796
1554,1.85672237544687
1555,3.06341391268741
1556,2.26449822759088
1557,5.33633758135796
1558,1.97360291429419
1559,12.9909723926431
1560,8.28528247949888
1561,3.68143139231891
1562,15.7575699507334
1563,1.84422862317657
1564,7.53790179153118
1565,2.55793717156654
1566,3.69761573182914
1567,13.054843769948
1568,11.9814927863249
1569,2.32204989994196
1570,8.52599083517659
1571,3.57272279301087
1572,1.83731572942038
1573,2.67946754139863
1574,3.79875145118094
1575,1.89730677979611
1576,1.75660752490837
1577,6.03634855734944
1578,21.0384345308318
1579,4.75859407353113
1580,5.13233837928339
1581,4.72152211121943
1582,23.7378373301771
1583,11.3798848513358
1584,4.442364169679
1585,2.21408701081592
1586,3.34664801743387
1587,25.8917214533529
1588,5.98347743085782
1589,3.12974167696605
1590,7.34812166895998
1591,5.2276233166408
1592,3.3308511073572
1593,2.12857069068869
1594,17.058290473113
1595,21.4775648718207
1596,10.035332487517
1597,11.0752193987536
1598,1.19731270898722
1599,1.34182509621081
1600,1.5185129252159
1601,1.46507639557333
1602,1.53997032806254
1603,2.94648909720906
1604,8.65958564877835
1605,1.59154815285585
1606,1.58416613606059
1607,1.58069162354186
1608,12.9928323852493
1609,13.7494375686855
1610,2.98900130363606
1611,3.25214645124006
1612,22.6536714310142
1613,8.99082828416165
1614,10.5179417538552
1615,3.55365020429766
1616,8.97704457429606
1617,22.0496427042437
1618,9.75492029342927
1619,2.65026742101769
1620,0.850934465474293
1621,1.89730677979611
1622,1.63340205957952
1623,3.83965508404557
1624,2.9356903712493
1625,1.57580241233034
1626,5.05808051234598
1627,2.84828396709322
1628,1.37553887658564
1629,1.45581381948891
1630,1.43894206965654
1631,1.19542447279224
1632,22.7002111701426
1633,2.66784623141569
1634,21.0279754026624
1635,8.89832078573256
1636,16.0838331193842
1637,6.0846751980157
1638,1.9446168697426
1639,3.21643766088454
1640,23.4309429225185
1641,2.64124095560908
1642,5.07557808160504
1643,4.59322214842276
1644,10.2659120800527
1645,3.84097230323987
1646,4.38179170730092
1647,1.57580241233034
1648,1.79386131254263
1649,7.55084820123146
1650,2.84092617303316
1651,10.2086338152761
1652,1.62711090879565
1653,1.5087904072936
1654,3.19881456771257
1655,23.5661686362736
1656,1.87249456995379
1657,9.15331801895909
1658,4.98340860909469
1659,1.77856190578028
1660,2.27876813095428
1661,3.9533844683014
1662,1.91534730156914
1663,5.42085487480585
1664,13.8467249820593
1665,9.06186521296679
1666,1.46351219949279
1667,21.4095402580844
1668,1.57580241233034
1669,14.3560646221302
1670,2.27946033834368
1671,1.49450213970111
1672,12.3548052791649
1673,6.75340354637349
1674,2.6644901323428
1675,9.90089026135309
1676,1.77697392965733
1677,30.8575015337521
1678,1.25252345221456
1679,1.46596124493504
1680,3.67512260801048
1681,6.17891096320353
1682,1.72712260572951
1683,26.3038517859015
1684,8.55375091186115
1685,1.63674934825846
1686,7.39077440170904
1687,8.37929165440792
1688,15.7327378284206
1689,1.39284127660594
1690,1.75348839945495
1691,1.63540383824225
1692,15.5789317744534
1693,1.58313620355806
1694,4.53284403387073
1695,1.62188585119436
1696,1.88592689695462
1697,1.54983746631974
1698,1.4304442126148
1699,2.08784258382778
1700,1.74350132513956
1701,3.39957289565653
1702,10.0934888188981
1703,16.2086087401438
1704,11.5869219889627
1705,4.00070724478981
1706,2.11690713984131
1707,1.59887589093871
1708,10.008479328257
1709,2.28773867235415
1710,14.3698808280201
1711,1.57580241233034
1712,8.55421558862892
1713,3.54345576659653
1714,1.2775710092413
1715,13.8426779164646
1716,22.6481820241984
1717,2.14539136299532
1718,4.93339042928523
1719,4.01150324179707
1720,7.47259750614535
1721,2.49161577987421
1722,2.33064249678972
1723,1.90245716493547
1724,11.9919359726152
1725,16.6291472981995
1726,2.90925384737067
1727,28.8042331681051
1728,31.7610969458493
1729,17.2263884340862
1730,6.07030385827301
1731,6.31350443938562
1732,6.65160095724586
1733,8.71949580691842
1734,1.54060007811854
1735,2.17460161438601
1736,3.98245017124237
1737,5.60007499409589
1738,2.09011954295388
1739,1.96376651206721
1740,2.16433551219288
1741,5.57928720939058
1742,27.8367820626407
1743,10.3084589532889
1744,18.9468531483859
1745,1.77025654866174
1746,5.56138026290213
1747,2.3426378267919
1748,8.40859119604897
1749,11.2424620800607
1750,2.22047852775371
1751,10.5316448528418
1752,2.19125715648263
1753,4.38771714852405
1754,27.1359421603728
1755,5.57481135140659
1756,1.52346949659473
1757,4.15166949900803
1758,3.97890155708331
1759,6.02793333871732
1760,1.86736059704736
1761,11.6262222503899
1762,6.52588320883987
1763,1.33785946140454
1764,5.06673611945328
1765,2.03732146351606
1766,18.4753704471462
1767,7.66622635902698
1768,9.89372416525139
1769,2.4406970319345
1770,8.07111515379686
1771,3.00545543194757
1772,29.2702158325867
1773,10.8860394217907
1774,14.2637143516014
1775,1.79250385209989
1776,8.28214490527038
1777,2.3485409394571
1778,28.2277403375019
1779,25.2543751708025
1780,9.51294208588814
1781,5.2889049776991
1782,6.48161179143276
1783,1.62355801383465
1784,9.29801198466434
1785,13.799386329636
1786,5.88654269868434
1787,2.27260089117702
1788,1.50978420581019
1789,1.33536041962394
1790,1.4891602168584
1791,10.3965680299381
1792,6.15042375807071
1793,7.59606877641504
1794,14.5900086694495
1795,14.7530337268112
1796,2.84208599689425
1797,16.021731177634
1798,9.21764026900677
1799,8.97219761045611
1800,6.08867534643201
1801,15.9688206111416
1802,9.28096631602076
1803,31.7752956798295
1804,23.8012127203448
1805,7.53729550696049
1806,3.9980024668848
1807,1.65742370965556
1808,13.9547518365013
1809,2.13840854399903
1810,1.92152700567209
1811,18.5475662339281
1812,2.71580958820777
1813,22.2917202146926
1814,4.06212052659516
1815,24.7243329204024
1816,29.8906122580554
1817,2.12027793337953
1818,9.53874857560157
1819,7.26698324470255
1820,6.09541667580263
1821,1.5087904072936
1822,18.2322399348846
1823,3.39443426533659
1824,1.48815078860534
1825,9.2787791256115
1826,1.24902687967447
1827,2.17450979696123
1828,20.322945408498
1829,1.9110596375191
1830,2.36677412395617
1831,6.16727433461258
1832,1.77856190578028
1833,7.76238539793482
1834,1.23991075480123
1835,2.0096427075421
1836,9.65310856825848
1837,24.81962703986
1838,1.57792641050896
1839,7.2762998096831
1840,2.19151018263146
1841,1.5522431923414
1842,10.7007113690458
1843,1.44325717520878
1844,10.5900241178196
1845,7.44350065178372
1846,1.59790215863354
1847,1.53997032806254
1848,4.36524431553721
1849,2.1851300876362
1850,1.54060007811854
1851,34.1195661546188
1852,1.61999822032839
1853,1.63674934825846
1854,5.147532504298
1855,1.50500544718424
1856,1.42338414985902
1857,7.47509801621902
1858,6.88804009687085
1859,9.27871531873988
1860,3.90867856528062
1861,28.0682106116877
1862,7.56787495154222
1863,11.9687876660271
1864,12.9373007162282
1865,2.89240536996446
1866,2.72672025432414
1867,16.0828517238034
1868,9.4463573139675
1869,1.26818583844485
1870,5.13965950300451
1871,8.20271386414035
1872,5.46812528356015
1873,8.79168008423234
1874,1.75004092324764
1875,9.14247572377027
1876,2.29421676173372
1877,14.3283096158173
1878,6.23942812657622
1879,5.86066964281591
1880,1.15509593934707
1881,6.73657590289716
1882,10.336464877517
1883,13.2000418179853
1884,3.87428769795526
1885,3.36104323411261
1886,1.72166873031182
1887,25.1106466452985
1888,32.2966349573381
1889,1.78613782999555
1890,1.24601353851997
1891,3.61178649197192
1892,2.48420187093126
1893,3.34231621967047
1894,10.0089674747749
1895,9.06981634869685
1896,9.82934759481547
1897,1.95339293769741
1898,3.10365466861986
1899,21.0569877813566
1900,8.3549184717016
1901,1.33784244928938
1902,10.3588913458586
1903,3.29216880017113
1904,7.2976865555725
1905,1.86839581564803
1906,30.5217514899136
1907,4.63338892867557
1908,3.39109251036554
1909,13.917880986585
1910,8.39287211561317
1911,29.7980701410992
1912,6.66042090171263
1913,5.72974788888582
1914,5.14296745591288
1915,25.8782973268856
1916,31.8696634551031
1917,1.46135996451772
1918,1.47026001198978
1919,11.6149551343557
1920,1.33059206538007
1921,8.46461552713998
1922,5.39476940372911
1923,2.02797027149051
1924,5.93485919228909
1925,1.61057679391352
1926,23.9731226946623
1927,1.83694681275673
1928,2.0254053692848
1929,4.56373927244867
1930,2.29100178706999
1931,9.29259565896786
1932,3.22825692262207
1933,2.41243305764948
1934,1.65451417577727
1935,5.63071832350942
1936,33.8548894965896
1937,2.51218623158595
1938,2.54223371417565
1939,10.8660674563194
1940,5.04037577213263
1941,21.3983230765228
1942,10.0577445436962
1943,16.8967971944837
1944,5.49650583498932
1945,22.0044480699227
1946,1.89603082373727
1947,1.49930740732065
1948,17.3896293328144
1949,3.74388650097831
1950,1.37451269747575
1951,4.33670049386829
1952,3.47007150221924
1953,1.94791672475829
1954,2.09820891301808
1955,6.12199869281382
1956,13.3612352938174
1957,11.9801573804865
1958,2.10692796305651
1959,1.78545558860604
1960,31.9371836649433
1961,24.4943299793009
1962,4.8815426467096
1963,1.69231403198561
1964,16.8601068010274
1965,8.28620507893988
1966,1.57770904232092
1967,2.33933516081829
1968,1.9329982589686
1969,17.1950651811822
1970,6.67652525024822
1971,2.98206955926609
1972,6.42098370376521
1973,1.54083753145204
1974,26.661812863602
1975,15.183873617244
1976,11.5739889005045
1977,2.65812619623645
1978,11.3790052958403
1979,1.54083753145204
1980,15.1480651655476
1981,10.7734886622709
1982,2.01331184829056
1983,2.5440933782769
1984,1.69365046605278
1985,28.5844680632537
1986,9.08589381518757
1987,9.77309564511141
1988,13.60065863058
1989,0.987333392623827
1990,11.8679676128818
1991,2.29875730808291
1992,6.34172935177492
1993,2.44087735584805
1994,4.07721210381444
1995,1.54083753145204
1996,7.13208391734511
1997,18.6032766972776
1998,24.1795126607062
1999,23.4454380630579
2000,2.19940916475203
2001,8.22044306942844
2002,3.13725352394233
2003,1.89011644032768
2004,1.67535324276711
2005,17.8020588732158
2006,9.99824612023484
2007,1.33392286522903
2008,7.2651988721513
2009,1.81049077780636
2010,2.66262718886101
2011,1.38241320390959
2012,5.07897696340151
2013,2.27946033834368
2014,8.34970538356844
2015,2.15673321695655
2016,2.67600910273489
2017,22.8371929209046
2018,1.63241129555367
2019,5.38413698694928
2020,17.6664617265016
2021,6.0545310091543
2022,9.59521624235341
2023,5.34580839458546
2024,4.04362613919962
2025,8.82960337145058
2026,23.7479949957686
2027,1.71687594137903
2028,2.49800190514042
2029,1.90101801331607
2030,19.6687955397
2031,2.65342489791335
2032,1.51491593196169
2033,3.26251768095208
2034,14.1161775615104
2035,1.7221470736449
2036,2.92542585006508
2037,31.5517614257292
2038,1.72485418617786
2039,27.4263859751663
2040,8.48545743342889
2041,3.65985904528346
2042,1.13448264078476
2043,1.99577553411135
2044,1.86754695850354
2045,9.7937070897719
2046,1.87886188035078
2047,6.60996415410233
2048,13.2884606875648
2049,6.19372379101834
2050,1.56954132833358
2051,30.9483528594025
2052,2.86196146251968
2053,7.13619187428673
2054,2.46033373491675
2055,5.86785341165373
2056,4.74658971103695
2057,1.1737148607977
2058,7.75484388816784
2059,1.57580241233034
2060,1.21877424142042
2061,1.4522226005773
2062,11.8670830919287
2063,27.8382838277009
2064,15.3811424162369
2065,4.88543164794815
2066,9.94985148817161
2067,2.08152707370438
2068,5.74564370873418
2069,2.43002243752277
2070,31.6922422774621
2071,11.946118015717
2072,12.3915941332644
2073,17.772677484405
2074,1.35567492646853
2075,8.84743667239014
2076,1.19547595081615
2077,9.76270948296359
2078,6.11128983488764
2079,17.0506916902624
2080,19.8876808656902
2081,31.0207548723946
2082,9.60730731744585
2083,21.8218634524822
2084,1.36074658792535
2085,8.96036951120328
2086,6.13688806871337
2087,5.46424650952713
2088,2.47321488398123
2089,3.70178719725341
2090,6.03145226606059
2091,1.83213495192971
2092,9.40986241907831
2093,23.713312936368
2094,2.93477550441302
2095,8.35633847603216
2096,1.44359244874524
2097,13.9514191949046
2098,4.47527031672067
2099,1.62222137544376
2100,20.3235409152292
2101,1.90245716493547
2102,8.18625486554672
2103,13.8396451803507
2104,11.9765659335546
2105,6.09370126310031
2106,13.7129678213301
2107,19.805803546755
2108,22.3861516282351
2109,1.55942475989801
2110,1.39218376733669
2111,29.5584107671309
2112,17.737104202952
2113,1.90089874163588
2114,1.81666633847058
2115,7.0404653441635
2116,6.17089044864545
2117,5.40929254859958
2118,7.23272015070055
2119,2.37631828484884
2120,28.4241280797122
2121,1.94826665044423
2122,8.86525651226125
2123,10.7133793982843
2124,6.18598945093175
2125,4.66207827460344
2126,8.98480916573494
2127,3.48121217771202
2128,1.61999822032839
2129,8.10845427303037
2130,16.9714484217585
2131,16.8357548283675
2132,9.6396396051662
2133,18.0723292524681
2134,2.85962985272298
2135,2.56631331198331
2136,2.05230715968631
2137,7.52043025574177
2138,4.20345482933811
2139,4.74738203780753
2140,23.9777305425831
2141,4.05708381520789
2142,2.16396598394159
2143,1.62153880782293
2144,12.0407288445214
2145,1.54083753145204
2146,11.3446888245594
2147,2.22913091570149
2148,1.35287280856498
2149,3.78383935929299
2150,10.3614830179572
2151,20.2318280202288
2152,7.67610990957897
2153,8.55259096401073
2154,1.81728614477412
2155,18.5501517043711
2156,10.2056898556849
2157,1.98386836702574
2158,2.45991987423686
2159,1.13594187357653
2160,23.213072888191
2161,29.1030747288846
2162,2.77910095045634
2163,2.61279670221975
2164,6.71940559394167
2165,5.66714101683344
2166,1.90889880931909
2167,2.17450979696123
2168,10.7911556465637
2169,19.2188519509119
2170,6.97856360872643
2171,1.61088708406031
2172,2.17450979696123
2173,1.51298421134795
2174,15.2409330301784
2175,1.83496347305085
2176,1.56129760414123
2177,1.45893967882555
2178,9.56887766959975
2179,9.0024066611802
2180,8.85264599248769
2181,8.21515890780906
2182,31.9282561809084
2183,4.2195522570586
2184,8.29065135581321
2185,7.4352246853401
2186,1.23766997326877
2187,6.29017199432291
2188,6.68185091415193
2189,7.19014960752889
2190,16.17705042863
2191,2.76114130136058
2192,31.6999424749418
2193,4.63338892867557
2194,14.9185698883173
2195,1.65499743129638
2196,4.01380283155272
2197,12.7216108522671
2198,6.8147697423157
2199,12.2832464352829
2200,2.29202030882315
2201,26.2779317827234
2202,1.91307462464009
2203,9.90349274200374
2204,2.17755235545866
2205,7.80128566977381
2206,12.8512937169002
2207,17.4388826472181
2208,2.05050385280013
2209,6.21979870844706
2210,29.8248065703484
2211,1.41946905342984
2212,1.53997032806254
2213,18.5385781659556
2214,3.83280342398901
2215,8.2093940258458
2216,8.77402817223149
2217,1.23068053056897
2218,8.21491252729186
2219,1.80600387484188
2220,2.79565522752867
2221,2.24632861110732
2222,1.25537701485713
2223,10.0493322554474
2224,1.62159162538776
2225,1.54083753145204
2226,10.5681023698096
2227,6.29027425836996
2228,1.54004869011841
2229,5.28051421176335
2230,2.1920073662203
2231,2.11104666079441
2232,5.2152816025639
2233,1.56402162562671
2234,8.8161401983428
2235,13.7476324394728
2236,15.4727059549432
2237,9.98694701869077
2238,4.45775722340886
2239,16.6032363462503
2240,1.15788042380974
2241,6.2260661214573
2242,10.1030916567502
2243,27.7198707165337
2244,20.6286308306114
2245,1.91513556565044
2246,7.42194648076347
2247,14.7633928547386
2248,1.77535511039066
2249,15.2164151754665
2250,14.165435786911
2251,8.32929590227182
2252,1.72310505159513
2253,1.59814741767753
2254,1.63644340843154
2255,1.5402577584152
2256,1.30556383570541
2257,16.485881219315
2258,2.80360845528461
2259,26.6079275637655
2260,14.6784800907616
2261,2.26569082481224
2262,1.64746925022582
2263,3.3346998874785
2264,1.30536686995747
2265,3.8843326976839
2266,7.99023234954224
2267,4.17799049565813
2268,25.2623096762366
2269,13.2281585220999
2270,4.19458704045895
2271,1.64999321620453
2272,1.6130853265722
2273,4.31159926416196
2274,1.51759100057748
2275,8.67427979817998
2276,17.5326701732401
2277,7.61041977029716
2278,1.82462824304102
2279,11.1054111309615
2280,21.0573545657908
2281,10.691932466884
2282,2.18565204932965
2283,27.0289653986052
2284,2.78824663417927
2285,7.49551319703419
2286,8.922922360262
2287,2.27946033834368
2288,14.8073025157494
2289,2.00450893911682
2290,1.58742446716098
2291,3.8872357080138
2292,9.38034283100436
2293,4.56215740899172
2294,29.6312009199088
2295,1.57580241233034
2296,2.01327310337042
2297,6.85905148806926
2298,2.2134508206107
2299,2.90652823758226
2300,6.09156028062161
2301,1.35425487287244
2302,23.0190861745717
2303,1.55879266217221
2304,1.82756167451913
2305,2.14628006806562
2306,1.86522855844483
2307,15.1310966975739
2308,5.42181429286791
2309,2.54652554561661
2310,9.89433416195074
2311,7.52772710186082
2312,29.4035422298081
2313,10.8726740522289
2314,2.44739347022155
2315,2.24303329308773
2316,20.5612101189514
2317,18.7969065312304
2318,7.78163189933737
2319,3.58010480650541
2320,5.96027586661617
2321,2.61109276528778
2322,16.2498302308825
2323,4.64741636538368
2324,18.526006772164
2325,1.63401389670617
2326,10.4329731744095
2327,7.9714395872337
2328,1.95225227910683
2329,11.010054341647
2330,3.30798740587504
2331,1.48865283968806
2332,17.3149844120359
2333,2.90652823758226
2334,1.74151615930567
2335,1.55433633520895
2336,7.78316414820704
2337,4.45349486346229
2338,4.73346650334193
2339,3.18886143475541
2340,11.7325753027349
2341,2.65217937485906
2342,2.28270104147273
2343,1.74631916589753
2344,1.87022878356958
2345,19.5667914494176
2346,10.0086765367818
2347,7.12634042036104
2348,1.78853681811056
2349,1.31296733390961
2350,5.85335410669956
2351,1.56888951857415
2352,1.91980554676087
2353,2.08397029269886
2354,1.54083753145204
2355,27.619990665527
2356,1.8276536253626
2357,2.98630526567925
2358,16.4929858393793
2359,21.662220222164
2360,6.22351078458371
2361,5.16049478857557
2362,9.5895740981494
2363,1.29923658958549
2364,20.5945570750232
2365,1.88131429434296
2366,2.92402580684132
2367,30.8037759082031
2368,2.837223709282
2369,3.10281591954195
2370,10.6248645282251
2371,1.69588325293294
2372,1.35568104832543
2373,3.11819114718972
2374,6.78898047491854
2375,13.6099414250736
2376,23.3757828585806
2377,9.84852308293793
2378,10.367005450031
2379,3.96588585382584
2380,5.18687169714383
2381,2.42395376600874
2382,22.2299517346641
2383,32.5420218496197
2384,1.93017263442267
2385,8.32660115563937
2386,4.14213346903124
2387,10.2885079068329
2388,8.35826975459328
2389,4.19615571840645
2390,1.82856369148403
2391,4.91495546025339
2392,9.13425311453149
2393,7.45247965437424
2394,7.46776738619875
2395,15.7111215039961
2396,2.10971654068433
2397,5.52925403666989
2398,1.44190106060259
2399,27.5284921588011
2400,2.91824639608896
2401,3.70029793138369
2402,1.62695204338185
2403,7.63670187667585
2404,8.27295093071506
2405,2.19595325135164
2406,3.02332991170633
2407,8.80158442273455
2408,2.1105705184761
2409,2.18129836215029
2410,1.53171644947789
2411,3.51681075512937
2412,1.58437435969102
2413,4.7892925118563
2414,7.4287230430387
2415,6.39063345656193
2416,4.91538579458844
2417,13.4292240666033
2418,2.73063777765442
2419,1.72460131798075
2420,3.3854402872536
2421,8.71352403075457
2422,12.9318811186503
2423,1.46401151454601
2424,6.26089784211991
2425,3.48949865434211
2426,1.75203422303085
2427,4.01610857915192
2428,16.2459067968608
2429,31.3154604291372
2430,2.75411691745801
2431,2.82769903418436
2432,18.1933275776186
2433,20.1244676824524
2434,4.37319223570378
2435,9.40034774768482
2436,12.5437871305307
2437,3.79681252253953
2438,1.28347717586049
2439,1.69686114452863
2440,9.02029075394258
2441,4.07449431305353
2442,18.2843683925754
2443,2.48225514268773
2444,8.37344271097072
2445,16.550471704245
2446,1.60717710580528
2447,2.40203755828914
2448,1.58148678428364
2449,8.05335529079082
2450,2.00933849586644
2451,4.10523567598296
2452,2.58491371044684
2453,7.68658995465433
2454,2.45292466744524
2455,11.0106686296024
2456,3.32550478171878
2457,1.35803043799439
2458,7.7124147900116
2459,6.3421987575556
2460,1.57888809276097
2461,17.5997721882655
2462,1.4851317015038
2463,5.38413698694928
2464,2.44246133576735
2465,1.33999634318853
2466,12.8826644772651
2467,5.24717785781312
2468,4.40926613518431
2469,21.7007096306304
2470,4.47348910711675
2471,13.8379772794672
2472,1.55454928385839
2473,32.5616838796311
2474,15.642902998462
2475,8.40726099079644
2476,1.99284531237621
2477,7.18117027255756
2478,26.8786936754843
2479,1.82355947639218
2480,7.4298859197463
2481,3.39871492502931
2482,6.95246880993649
2483,4.20913575483256
2484,1.68654681423767
2485,1.85291589837636
2486,17.21933225264
2487,1.45772907129315
2488,4.34736604058355
2489,15.653768781085
2490,1.58060244826466
2491,15.5153062883657
2492,2.00483311159097
2493,4.19563497992029
2494,30.5431004817858
2495,1.41018569740052
2496,9.94476167638074
2497,8.8611552786184
2498,8.18687031866565
2499,3.97105667414785
2500,1.56888951857415
2501,19.3484960095318
2502,2.01732307847404
2503,2.31662628587254
2504,1.82625796355193
2505,17.4534492833037
2506,2.73689613875334
2507,1.42847748882158
2508,2.02536081522032
2509,15.2599741560643
2510,10.1731236367621
2511,1.54083753145204
2512,3.05916473614382
2513,17.5128456856857
2514,1.61948259175168
2515,7.74183952803874
2516,0.943789553376345
2517,30.9042359190805
2518,1.79708896332306
2519,21.2666317092308
2520,10.2325907084891
2521,1.55529340666448
2522,3.05778019025762
2523,10.4985008513411
2524,3.0450224881627
2525,3.05747887532608
2526,5.56923745224961
2527,4.04103571165542
2528,1.52107822787741
2529,5.50266178708308
2530,15.3558897722055
2531,1.8525536237296
2532,29.9981578691541
2533,13.5745800172289
2534,20.9994369279949
2535,20.3955092539733
2536,1.92215318438967
2537,11.5923769441424
2538,8.69849130513038
2539,1.79857511838358
2540,1.55420413022774
2541,28.8712286142628
2542,1.96521242280061
2543,19.962674607767
2544,1.68626027925775
2545,6.12939400309187
2546,1.57580241233034
2547,1.99284531237621
2548,2.87330272696574
2549,2.37580686680639
2550,23.4571308449624
2551,1.40087544263356
2552,4.4897835695355
2553,1.64583853116307
2554,1.52383254282602
2555,4.97272021764097
2556,2.20138173740804
2557,2.01742439886087
2558,6.90985539467667
2559,2.54652554561661
2560,1.19301349411016
2561,1.57580241233034
2562,11.5930680166481
2563,2.67284310520649
2564,2.06081204177253
2565,1.61887541740187
2566,4.65088649793464
2567,19.532655153455
2568,10.3290297537893
2569,3.14889894436863
2570,15.0951066609433
2571,1.16558751601777
2572,4.97652645050707
2573,8.61453021414833
2574,14.3642501184968
2575,1.76038446792355
2576,2.45819460119357
2577,1.9141730179024
2578,2.6798859838659
2579,6.34164063082299
2580,1.57580241233034
2581,6.96252882589786
2582,1.57580241233034
2583,1.60344036115529
2584,10.1184116711035
2585,2.52760565234374
2586,1.54083753145204
2587,3.65881503610113
2588,2.65112988831658
2589,2.36592651392846
2590,1.82846500115304
2591,8.34035227677508
2592,9.8880269407363
2593,28.3459349993366
2594,11.5727071952296
2595,1.72978307337077
2596,16.7453319925883
2597,20.2535539288632
2598,16.5381593737542
2599,10.635770518269
2600,1.22219702974652
2601,1.63386126621754
2602,1.756376669815
2603,2.99256480763306
2604,1.09079703144709
2605,1.60133961716561
2606,1.7350554906262
2607,13.3797576155297
2608,1.3682085766603
2609,4.72415951378825
2610,1.09579375292689
2611,7.79931409087055
2612,17.3453839405916
2613,3.69713140083614
2614,1.66615529453172
2615,1.4728019872234
2616,3.82366920983855
2617,12.319280958853
2618,4.40952068851673
2619,1.75594105521715
2620,1.87294207478041
2621,13.32128036471
2622,3.53595660543422
2623,4.24527850574653
2624,5.33610272169515
2625,9.89935552397926
2626,3.47788053253697
2627,1.38390684749693
2628,2.74662863267968
2629,16.9663835849692
2630,1.84457142351326
2631,2.33092423399586
2632,2.88788527867878
2633,7.70418755952579
2634,20.3718845689922
2635,1.56042477225031
2636,1.43943745679589
2637,19.6947039847253
2638,8.19662876720238
2639,6.9512037364395
2640,10.2734087076647
2641,1.91126168760824
2642,9.6239999569682
2643,12.0604380257279
2644,5.24087071244497
2645,2.56563190598212
2646,1.40132174009163
2647,2.48084916968084
2648,2.01570228225609
2649,1.34101558931625
2650,1.14996912171641
2651,2.5068394731982
2652,3.24788966531341
2653,16.2220987765569
2654,1.14691766278362
2655,26.0720883647863
2656,10.5104795317469
2657,5.34519117153123
2658,1.57197477159348
2659,1.7812170708216
2660,1.46114905594073
2661,1.690422589386
2662,1.82340613920172
2663,1.61798792830483
2664,2.85927930074203
2665,12.0521374222509
2666,4.55716662940251
2667,1.38968943612754
2668,8.65877078860785
2669,1.92754115189416
2670,21.3689557918728
2671,1.5052806689701
2672,2.01050651215545
2673,6.49215687888416
2674,16.9353336336308
2675,6.9720654293204
2676,10.8465167721613
2677,4.77137088831838
2678,4.76915701977065
2679,8.34710759913069
2680,2.00764396556449
2681,8.98368443253758
2682,1.38216040563709
2683,11.5255884076375
2684,8.36219336417724
2685,1.53536220589802
2686,17.1751089755688
2687,6.38887485201451
2688,4.81348781557131
2689,12.0439543175164
2690,2.33010227845992
2691,2.88411409309346
2692,2.96121790186279
2693,33.6625170586022
2694,18.5639159474269
2695,2.60796622801152
2696,17.2763456373939
2697,2.36415227779594
2698,3.08441502364897
2699,7.60874357981746
2700,3.43741396785769
2701,7.19109430047612
2702,1.69374347651616
2703,5.36898815411047
2704,12.3900546895666
2705,2.51918836707928
2706,4.62238728852813
2707,1.98912792870195
2708,11.0394426876694
2709,7.32574624483728
2710,7.15783804355914
2711,25.6549481454099
2712,7.57849450517115
2713,5.69999261169339
2714,1.67256763652264
2715,30.1194759468917
2716,2.4419913531301
2717,3.75283861747972
2718,20.3235631498574
2719,1.60908795982984
2720,1.64999321620453
2721,20.8897326552826
2722,1.8543060267928
2723,16.6028593197585
2724,1.76876480651671
2725,2.62665418495044
2726,1.38532655237924
2727,16.2625848828215
2728,4.12218691298519
2729,1.56262843457739
2730,25.8468782873322
2731,21.380723656049
2732,32.2351132324183
2733,28.3135488507069
2734,24.3146265217402
2735,2.43443758471536
2736,1.13943453154417
2737,2.04144422180448
2738,6.62781743453122
2739,2.10300263784733
2740,2.5401154101998
2741,10.7566577699162
2742,9.92974470103071
2743,4.34962529672883
2744,2.00772218479355
2745,3.00349227972051
2746,1.49885604853068
2747,6.51021346448104
2748,12.2833980976247
2749,5.73401705336456
2750,9.95150637217193
2751,3.86065373185145
2752,1.4833232673141
2753,3.35544755552345
2754,1.66150257648157
2755,11.5064609034803
2756,5.43605107797882
2757,5.45952067042501
2758,2.55775883030065
2759,1.94141091608142
2760,2.60861724965157
2761,27.2028026778715
2762,5.4322776345054
2763,1.94223731494312
2764,11.5926651992267
2765,12.8087595907759
2766,1.37159112883762
2767,1.52362371915671
2768,1.44804099387059
2769,1.82106972659592
2770,12.4059174424563
2771,1.21014903718506
2772,29.8314016051234
2773,1.54060007811854
2774,11.6519979439486
2775,30.6413280652295
2776,1.35781615947067
2777,8.0680796046897
2778,1.59446279363931
2779,9.34462857934671
2780,19.1720296006513
2781,1.38006576147331
2782,1.93782024266606
2783,2.44117580787626
2784,1.23002298964
2785,2.03448101870839
2786,3.88797561321467
2787,1.82625796355193
2788,3.67017571100661
2789,5.47930075318231
2790,3.73037500575651
2791,10.6630909216006
2792,8.66518071062222
2793,2.12651777554063
2794,4.72887029899794
2795,1.35305401848737
2796,1.59188519149144
2797,1.40432773300614
2798,25.6291629742631
2799,3.41372323323803
2800,31.2971061116729
2801,2.59201449013081
2802,1.47876603832605
2803,1.32411668948533
2804,15.4785627735141
2805,1.41084281835987
2806,1.64049508979173
2807,2.79263255034304
2808,28.2848649188455
2809,2.66597706850877
2810,32.9219547936649
2811,8.87880288822487
2812,5.72808902309687
2813,5.72889783169044
2814,6.32315191720409
2815,1.40207195254953
2816,15.1719957161052
2817,3.48294225769683
2818,9.27824919158021
2819,1.19540846062172
2820,1.34038970738018
2821,1.45921623412682
2822,6.26677596643497
2823,18.1820677856098
2824,30.0027285864861
2825,15.739396030252
2826,4.70812496747088
2827,1.55433633520895
2828,30.8118781068371
2829,19.3295623811736
2830,8.57558064913328
2831,4.63455398735681
2832,9.54671674802528
2833,14.8208859510694
2834,11.5478648497259
2835,10.3063025449358
2836,31.5863586691311
2837,1.08875113017176
2838,1.5920770875507
2839,28.9101107761129
2840,1.40732446486457
2841,1.59033842356179
2842,32.1231384857609
2843,7.40655257856998
2844,6.50694274669315
2845,1.42338414985902
2846,12.9490710519814
2847,9.81057854116913
2848,17.7005984354584
2849,25.1770669780135
2850,1.4856010781174
2851,1.80309928282861
2852,3.14611357799119
2853,2.1023148993579
2854,1.89730677979611
2855,18.8536438962138
2856,2.8131938703677
2857,6.20062351495905
2858,6.43635478462917
2859,1.99284531237621
2860,14.59634524051
2861,1.71064300900189
2862,1.34960710460785
2863,1.36128339321536
2864,1.54004869011841
2865,1.81166760992452
2866,9.63423371563909
2867,1.52865209783809
2868,1.53171644947789
2869,12.5476079243875
2870,16.8277679372459
2871,6.5851910127771
2872,7.88775124987937
2873,27.0204053851589
2874,2.11341535374894
2875,6.00677133920035
2876,1.79903220799512
2877,1.33437662605371
2878,3.22825692262207
2879,2.00640506438834
2880,2.15677346661006
2881,1.15717272033814
2882,1.32629875939308
2883,4.75005625905481
2884,24.6422584098144
2885,5.84232044335528
2886,17.637023072529
2887,1.53001601530228
2888,1.83213495192971
2889,1.89730677979611
2890,1.33122948106351
2891,5.52250729911096
2892,24.720432727457
2893,22.9433441392927
2894,26.4089952272733
2895,17.6595038891268
2896,17.4834989920809
2897,2.7068356890045
2898,8.02503456353517
2899,1.29901717505663
2900,10.974785404109
2901,2.68999535544781
2902,15.8587437081514
2903,7.19863308636265
2904,3.22608247252875
2905,1.44441929968272
2906,5.1403568847556
2907,1.58971547908049
2908,1.62222137544376
2909,2.74929787054542
2910,1.93372606005477
2911,8.46465112357943
2912,10.6635995877391
2913,13.6860584414117
2914,2.66817239106987
2915,8.20921593066286
2916,32.8064550572543
2917,2.9645891980372
2918,10.6651212208908
2919,1.52156222903727
2920,8.59084095212865
2921,9.53425000360719
2922,14.0349113490372
2923,9.59977004114331
2924,1.80576455613653
2925,2.07808541704515
2926,12.3657225000386
2927,1.66030329580154
2928,4.72160535258611
2929,4.79181694176656
2930,2.31435201300264
2931,7.9981064817563
2932,19.7473896146649
2933,8.96866333132694
2934,2.39217891561537
2935,19.8084153618948
2936,2.13276571423695
2937,34.2595037238247
2938,4.91148902391313
2939,13.0726506478031
2940,2.64483741695536
2941,2.17755235545866
2942,1.51461092118087
2943,2.29009846043608
2944,4.52763652091647
2945,1.7834741567847
2946,1.56502518441374
2947,12.2677536138681
2948,4.68851976119404
2949,1.80576076456937
2950,2.45957670376924
2951,14.1937945703651
2952,21.4196067460399
2953,9.07182473143755
2954,2.81793903565983
2955,1.88877540195165
2956,19.4734883039431
2957,3.29481574154665
2958,1.56259807697899
2959,14.3478912599166
2960,25.4942547797981
2961,1.78105758882598
2962,26.8561974817595
2963,19.8083150263373
2964,2.14849890369436
2965,9.99191850736454
2966,2.93004726625238
2967,29.1130661128029
2968,1.59920263162795
2969,1.72928281617179
2970,8.30077136683129
2971,5.12183952844198
2972,10.4863217077537
2973,2.01331184829056
2974,10.7163870838035
2975,8.48545743342889
2976,24.0494824587643
2977,1.40041699518272
2978,6.21785413660889
2979,13.2676256051611
2980,6.40804231554474
2981,7.23900792442646
2982,5.00549005537442
2983,1.35777716550431
2984,10.6964006055476
2985,1.35536807298414
2986,20.5900286598198
2987,5.58591279355297
2988,5.73737024305489
2989,23.1260670703022
2990,22.2001786919386
2991,5.07078514408592
2992,7.04324799288255
2993,5.19156426283743
2994,7.36713993677327
2995,2.1991967031724
2996,1.4516217015261
2997,3.26230253501583
2998,29.8842884658943
2999,1.50476799385074
